{"cameraMode":{"drawMode":0,"name":"Shaded","section":"Shading Mode"},"sceneLighting":true,"audioPlay":false,"sceneViewState":{"m_AlwaysRefresh":false,"showFog":true,"showSkybox":true,"showFlares":true,"showImageEffects":true,"showParticleSystems":true,"showVisualEffectGraphs":true,"m_FxEnabled":true},"in2DMode":false,"pivot":{"x":-0.1289999932050705,"y":2.486999988555908,"z":3.5769999027252199},"rotation":{"x":-0.6469107270240784,"y":0.017583772540092469,"z":-0.015562247484922409,"w":-0.7621225118637085},"size":0.36605343222618105,"orthographic":false}